{"cameraMode":{"drawMode":0,"name":"Shaded","section":"Shading Mode"},"sceneLighting":false,"audioPlay":false,"sceneViewState":{"m_AlwaysRefresh":false,"showFog":false,"showSkybox":false,"showFlares":false,"showImageEffects":false,"showParticleSystems":false,"showVisualEffectGraphs":true,"m_FxEnabled":true},"in2DMode":false,"pivot":{"x":0.0005666017532348633,"y":0.8154854774475098,"z":-0.1110796332359314},"rotation":{"x":0.00751136802136898,"y":-0.9869915246963501,"z":0.15371167659759522,"w":0.047656066715717319},"size":1.098746418952942,"orthographic":false}