{"cameraMode":{"drawMode":0,"name":"Shaded","section":"Shading Mode"},"sceneLighting":false,"audioPlay":false,"sceneViewState":{"m_AlwaysRefresh":false,"showFog":true,"showSkybox":false,"showFlares":true,"showImageEffects":true,"showParticleSystems":true,"showVisualEffectGraphs":true,"m_FxEnabled":true},"in2DMode":false,"pivot":{"x":337.95416259765627,"y":230.55712890625,"z":-10.145233154296875},"rotation":{"x":-0.03899283707141876,"y":-0.003541788551956415,"z":0.00034064374631270766,"w":-0.999290406703949},"size":246.44081115722657,"orthographic":false}