{"cameraMode":{"drawMode":0,"name":"Shaded","section":"Shading Mode"},"sceneLighting":false,"audioPlay":false,"sceneViewState":{"m_AlwaysRefresh":false,"showFog":true,"showSkybox":false,"showFlares":true,"showImageEffects":true,"showParticleSystems":true,"showVisualEffectGraphs":true,"m_FxEnabled":true},"in2DMode":false,"pivot":{"x":-0.13744333386421204,"y":-0.07886725664138794,"z":-0.29307985305786135},"rotation":{"x":0.0007119047804735601,"y":0.9745603203773499,"z":-0.22459600865840913,"w":0.004230369348078966},"size":1.4448683261871338,"orthographic":false}