{"cameraMode":{"drawMode":0,"name":"Shaded","section":"Shading Mode"},"sceneLighting":false,"audioPlay":false,"sceneViewState":{"m_AlwaysRefresh":false,"showFog":true,"showSkybox":false,"showFlares":true,"showImageEffects":true,"showParticleSystems":true,"showVisualEffectGraphs":true,"m_FxEnabled":true},"in2DMode":false,"pivot":{"x":265.3491516113281,"y":200.95616149902345,"z":-5.176612854003906},"rotation":{"x":-0.050977010279893878,"y":0.01893351972103119,"z":-0.0007631990592926741,"w":-0.9985781908035278},"size":245.5384521484375,"orthographic":false}