{"cameraMode":{"drawMode":0,"name":"Shaded","section":"Shading Mode"},"sceneLighting":false,"audioPlay":false,"sceneViewState":{"m_AlwaysRefresh":false,"showFog":true,"showSkybox":false,"showFlares":true,"showImageEffects":true,"showParticleSystems":true,"showVisualEffectGraphs":true,"m_FxEnabled":true},"in2DMode":false,"pivot":{"x":390.1976013183594,"y":419.1660461425781,"z":-17.03033447265625},"rotation":{"x":-0.03899283707141876,"y":-0.003541788551956415,"z":0.00034064374631270766,"w":-0.999290406703949},"size":382.33929443359377,"orthographic":false}