{"cameraMode":{"drawMode":0,"name":"Shaded","section":"Shading Mode"},"sceneLighting":false,"audioPlay":false,"sceneViewState":{"m_AlwaysRefresh":false,"showFog":true,"showSkybox":false,"showFlares":true,"showImageEffects":true,"showParticleSystems":true,"showVisualEffectGraphs":true,"m_FxEnabled":true},"in2DMode":false,"pivot":{"x":377.0526123046875,"y":220.9241180419922,"z":0.02985382080078125},"rotation":{"x":-0.05545208603143692,"y":-0.02599935419857502,"z":0.0016477704048156739,"w":-0.99817955493927},"size":7.726040363311768,"orthographic":false}