{"cameraMode":{"drawMode":0,"name":"Shaded","section":"Shading Mode"},"sceneLighting":false,"audioPlay":false,"sceneViewState":{"m_AlwaysRefresh":false,"showFog":true,"showSkybox":false,"showFlares":true,"showImageEffects":true,"showParticleSystems":true,"showVisualEffectGraphs":true,"m_FxEnabled":true},"in2DMode":false,"pivot":{"x":487.9690856933594,"y":207.61610412597657,"z":-0.6407160758972168},"rotation":{"x":-0.029998593032360078,"y":-0.0005458587547764182,"z":0.0002197999128839001,"w":-0.9996082782745361},"size":209.34324645996095,"orthographic":false}