{"cameraMode":{"drawMode":0,"name":"Shaded","section":"Shading Mode"},"sceneLighting":false,"audioPlay":false,"sceneViewState":{"m_AlwaysRefresh":false,"showFog":true,"showSkybox":true,"showFlares":true,"showImageEffects":true,"showParticleSystems":true,"showVisualEffectGraphs":true,"m_FxEnabled":true},"in2DMode":false,"pivot":{"x":2.148078203201294,"y":0.8788156509399414,"z":0.19034576416015626},"rotation":{"x":0.3355676531791687,"y":-0.022610189393162729,"z":0.008056753315031529,"w":0.9417134523391724},"size":9.863957405090332,"orthographic":false}