{"cameraMode":{"drawMode":0,"name":"Shaded","section":"Shading Mode"},"sceneLighting":false,"audioPlay":false,"sceneViewState":{"m_AlwaysRefresh":false,"showFog":true,"showSkybox":true,"showFlares":true,"showImageEffects":true,"showParticleSystems":true,"showVisualEffectGraphs":true,"m_FxEnabled":true},"in2DMode":false,"pivot":{"x":3.6909875869750978,"y":0.6866437792778015,"z":-0.14619243144989015},"rotation":{"x":-0.00025942607317119837,"y":-0.9980852603912354,"z":0.061770014464855197,"w":-0.004200378432869911},"size":2.4681520462036135,"orthographic":false}