{"cameraMode":{"drawMode":0,"name":"Shaded","section":"Shading Mode"},"sceneLighting":false,"audioPlay":false,"sceneViewState":{"m_AlwaysRefresh":false,"showFog":true,"showSkybox":true,"showFlares":true,"showImageEffects":true,"showParticleSystems":true,"showVisualEffectGraphs":true,"m_FxEnabled":true},"in2DMode":false,"pivot":{"x":564.8320922851563,"y":359.65643310546877,"z":0.293243408203125},"rotation":{"x":0.008999473415315152,"y":-0.0020535984076559545,"z":0.0001592433691257611,"w":-1.0000137090682984},"size":160.37181091308595,"orthographic":false}