{"cameraMode":{"drawMode":0,"name":"Shaded","section":"Shading Mode"},"sceneLighting":false,"audioPlay":false,"sceneViewState":{"m_AlwaysRefresh":false,"showFog":true,"showSkybox":true,"showFlares":true,"showImageEffects":true,"showParticleSystems":true,"showVisualEffectGraphs":true,"m_FxEnabled":true},"in2DMode":false,"pivot":{"x":-0.32393479347229006,"y":0.9690656661987305,"z":0.16472935676574708},"rotation":{"x":-0.05012369155883789,"y":0.9199192523956299,"z":-0.12523913383483888,"w":-0.36817339062690737},"size":1.137242317199707,"orthographic":false}