{"cameraMode":{"drawMode":0,"name":"Shaded","section":"Shading Mode"},"sceneLighting":false,"audioPlay":false,"sceneViewState":{"m_AlwaysRefresh":false,"showFog":true,"showSkybox":true,"showFlares":true,"showImageEffects":true,"showParticleSystems":true,"showVisualEffectGraphs":true,"m_FxEnabled":true},"in2DMode":false,"pivot":{"x":490.53839111328127,"y":281.9482116699219,"z":8.997459411621094},"rotation":{"x":-0.019501006230711938,"y":-0.0020480528473854067,"z":0.00024093512911349535,"w":-0.9998666644096375},"size":125.09772491455078,"orthographic":false}