{"cameraMode":{"drawMode":0,"name":"Shaded","section":"Shading Mode"},"sceneLighting":false,"audioPlay":false,"sceneViewState":{"m_AlwaysRefresh":false,"showFog":true,"showSkybox":true,"showFlares":true,"showImageEffects":true,"showParticleSystems":true,"showVisualEffectGraphs":true,"m_FxEnabled":true},"in2DMode":false,"pivot":{"x":6.151887893676758,"y":-43.79788589477539,"z":67.41698455810547},"rotation":{"x":-0.27822887897491457,"y":-0.021783579140901567,"z":0.006519668269902468,"w":-0.9603413939476013},"size":43.94102096557617,"orthographic":false}