{"cameraMode":{"drawMode":0,"name":"Shaded","section":"Shading Mode"},"sceneLighting":false,"audioPlay":false,"sceneViewState":{"m_AlwaysRefresh":false,"showFog":true,"showSkybox":true,"showFlares":true,"showImageEffects":true,"showParticleSystems":true,"showVisualEffectGraphs":true,"m_FxEnabled":true},"in2DMode":false,"pivot":{"x":2.4022629261016847,"y":-0.8316709995269775,"z":-5.801830291748047},"rotation":{"x":-0.009211044758558274,"y":-0.9502843618392944,"z":0.3099752366542816,"w":-0.028239890933036805},"size":5.4134745597839359,"orthographic":false}