{"cameraMode":{"drawMode":0,"name":"Shaded","section":"Shading Mode"},"sceneLighting":false,"audioPlay":false,"sceneViewState":{"m_AlwaysRefresh":false,"showFog":true,"showSkybox":true,"showFlares":true,"showImageEffects":true,"showParticleSystems":true,"showVisualEffectGraphs":true,"m_FxEnabled":true},"in2DMode":false,"pivot":{"x":-0.22826433181762696,"y":0.7646994590759277,"z":-2.6858034133911135},"rotation":{"x":0.2669801414012909,"y":-0.3018219769001007,"z":0.08823447674512863,"w":0.9110446572303772},"size":11.297739028930664,"orthographic":false}