{"cameraMode":{"drawMode":0,"name":"Shaded","section":"Shading Mode"},"sceneLighting":false,"audioPlay":false,"sceneViewState":{"m_AlwaysRefresh":false,"showFog":true,"showSkybox":true,"showFlares":true,"showImageEffects":true,"showParticleSystems":true,"showVisualEffectGraphs":true,"m_FxEnabled":true},"in2DMode":false,"pivot":{"x":-0.01012420654296875,"y":-0.13701820373535157,"z":-0.14304161071777345},"rotation":{"x":-0.08500996232032776,"y":0.598598837852478,"z":-0.06383197009563446,"w":-0.794040858745575},"size":25.202409744262697,"orthographic":false}