{"cameraMode":{"drawMode":0,"name":"Shaded","section":"Shading Mode"},"sceneLighting":false,"audioPlay":false,"sceneViewState":{"m_AlwaysRefresh":false,"showFog":true,"showSkybox":true,"showFlares":true,"showImageEffects":true,"showParticleSystems":true,"showVisualEffectGraphs":true,"m_FxEnabled":true},"in2DMode":false,"pivot":{"x":522.2555541992188,"y":356.72918701171877,"z":95.21929931640625},"rotation":{"x":-0.12120816856622696,"y":-0.0035016583278775217,"z":0.0006314172642305493,"w":-0.9926782250404358},"size":485.0225830078125,"orthographic":false}