{"cameraMode":{"drawMode":0,"name":"Shaded","section":"Shading Mode"},"sceneLighting":false,"audioPlay":false,"sceneViewState":{"m_AlwaysRefresh":false,"showFog":true,"showSkybox":true,"showFlares":true,"showImageEffects":true,"showParticleSystems":true,"showVisualEffectGraphs":true,"m_FxEnabled":true},"in2DMode":false,"pivot":{"x":0.5783393979072571,"y":1.934175968170166,"z":2.0372378826141359},"rotation":{"x":0.005180993117392063,"y":0.9690035581588745,"z":-0.24640098214149476,"w":0.021023230627179147},"size":2.666025400161743,"orthographic":false}