{"cameraMode":{"drawMode":0,"name":"Shaded","section":"Shading Mode"},"sceneLighting":false,"audioPlay":false,"sceneViewState":{"m_AlwaysRefresh":false,"showFog":true,"showSkybox":true,"showFlares":true,"showImageEffects":true,"showParticleSystems":true,"showVisualEffectGraphs":true,"m_FxEnabled":true},"in2DMode":false,"pivot":{"x":-1.8892085552215577,"y":-47.673973083496097,"z":65.94746398925781},"rotation":{"x":-0.3126152753829956,"y":0.022633520886301996,"z":-0.0072407652623951439,"w":-0.9496805667877197},"size":47.18553161621094,"orthographic":false}