{"cameraMode":{"drawMode":0,"name":"Shaded","section":"Shading Mode"},"sceneLighting":false,"audioPlay":false,"sceneViewState":{"m_AlwaysRefresh":false,"showFog":true,"showSkybox":true,"showFlares":true,"showImageEffects":true,"showParticleSystems":true,"showVisualEffectGraphs":true,"m_FxEnabled":true},"in2DMode":false,"pivot":{"x":4.310136318206787,"y":3.0010902881622316,"z":0.04510784149169922},"rotation":{"x":0.006567012518644333,"y":0.9754215478897095,"z":-0.21864749491214753,"w":0.03058455139398575},"size":3.1301300525665285,"orthographic":false}