{"cameraMode":{"drawMode":0,"name":"Shaded","section":"Shading Mode"},"sceneLighting":false,"audioPlay":false,"sceneViewState":{"m_AlwaysRefresh":false,"showFog":true,"showSkybox":true,"showFlares":true,"showImageEffects":true,"showParticleSystems":true,"showVisualEffectGraphs":true,"m_FxEnabled":true},"in2DMode":false,"pivot":{"x":561.0606079101563,"y":592.5548095703125,"z":-3.8800048828125},"rotation":{"x":0.008999473415315152,"y":-0.0020535984076559545,"z":0.0001592433691257611,"w":-1.0000137090682984},"size":234.0794677734375,"orthographic":false}