{"cameraMode":{"drawMode":0,"name":"Shaded","section":"Shading Mode"},"sceneLighting":false,"audioPlay":false,"sceneViewState":{"m_AlwaysRefresh":false,"showFog":true,"showSkybox":true,"showFlares":true,"showImageEffects":true,"showParticleSystems":true,"showVisualEffectGraphs":true,"m_FxEnabled":true},"in2DMode":false,"pivot":{"x":0.06961202621459961,"y":5.9367218017578129,"z":-4.961275100708008},"rotation":{"x":0.007721278350800276,"y":0.9690982103347778,"z":-0.24487976729869843,"w":0.03120800480246544},"size":7.771125793457031,"orthographic":false}