{"cameraMode":{"drawMode":0,"name":"Shaded","section":"Shading Mode"},"sceneLighting":false,"audioPlay":false,"sceneViewState":{"m_AlwaysRefresh":false,"showFog":true,"showSkybox":true,"showFlares":true,"showImageEffects":true,"showParticleSystems":true,"showVisualEffectGraphs":true,"m_FxEnabled":true},"in2DMode":false,"pivot":{"x":-2.6777896881103517,"y":-0.8695662021636963,"z":2.0012645721435549},"rotation":{"x":0.005180993117392063,"y":0.9690035581588745,"z":-0.24640098214149476,"w":0.021023230627179147},"size":8.788481712341309,"orthographic":false}