{"cameraMode":{"drawMode":0,"name":"Shaded","section":"Shading Mode"},"sceneLighting":false,"audioPlay":false,"sceneViewState":{"m_AlwaysRefresh":false,"showFog":true,"showSkybox":true,"showFlares":true,"showImageEffects":true,"showParticleSystems":true,"showVisualEffectGraphs":true,"m_FxEnabled":true},"in2DMode":false,"pivot":{"x":0.4264356791973114,"y":6.389793395996094,"z":11.455292701721192},"rotation":{"x":0.0003962729824706912,"y":0.9883837699890137,"z":-0.15241648256778718,"w":0.003633812302723527},"size":0.5309351682662964,"orthographic":false}