{"cameraMode":{"drawMode":0,"name":"Shaded","section":"Shading Mode"},"sceneLighting":false,"audioPlay":false,"sceneViewState":{"m_AlwaysRefresh":false,"showFog":true,"showSkybox":true,"showFlares":true,"showImageEffects":true,"showParticleSystems":true,"showVisualEffectGraphs":true,"m_FxEnabled":true},"in2DMode":false,"pivot":{"x":-2.6777896881103517,"y":1.7400000095367432,"z":2.0012645721435549},"rotation":{"x":0.005180993117392063,"y":0.9690035581588745,"z":-0.24640098214149476,"w":0.021023230627179147},"size":5.6660261154174809,"orthographic":false}