{"cameraMode":{"drawMode":0,"name":"Shaded","section":"Shading Mode"},"sceneLighting":false,"audioPlay":false,"sceneViewState":{"m_AlwaysRefresh":false,"showFog":true,"showSkybox":true,"showFlares":true,"showImageEffects":true,"showParticleSystems":true,"showVisualEffectGraphs":true,"m_FxEnabled":true},"in2DMode":false,"pivot":{"x":3.1175873279571535,"y":-8.964686393737793,"z":80.14159393310547},"rotation":{"x":-0.058474764227867129,"y":0.0012723050313070417,"z":0.00012523331679403782,"w":-0.9983804821968079},"size":41.79389572143555,"orthographic":false}