{"cameraMode":{"drawMode":0,"name":"Shaded","section":"Shading Mode"},"sceneLighting":false,"audioPlay":false,"sceneViewState":{"m_AlwaysRefresh":false,"showFog":true,"showSkybox":true,"showFlares":true,"showImageEffects":true,"showParticleSystems":true,"showVisualEffectGraphs":true,"m_FxEnabled":true},"in2DMode":false,"pivot":{"x":492.73321533203127,"y":206.24514770507813,"z":-12.92584228515625},"rotation":{"x":-0.03899283707141876,"y":-0.003541788551956415,"z":0.00034064374631270766,"w":-0.999290406703949},"size":560.2212524414063,"orthographic":false}