{"cameraMode":{"drawMode":0,"name":"Shaded","section":"Shading Mode"},"sceneLighting":false,"audioPlay":false,"sceneViewState":{"m_AlwaysRefresh":false,"showFog":true,"showSkybox":true,"showFlares":true,"showImageEffects":true,"showParticleSystems":true,"showVisualEffectGraphs":true,"m_FxEnabled":true},"in2DMode":false,"pivot":{"x":511.4843444824219,"y":223.99896240234376,"z":4.403045654296875},"rotation":{"x":-0.038991834968328479,"y":-0.006539763417094946,"z":0.0004563798720482737,"w":-0.9992773532867432},"size":144.9234619140625,"orthographic":false}