{"cameraMode":{"drawMode":0,"name":"Shaded","section":"Shading Mode"},"sceneLighting":false,"audioPlay":false,"sceneViewState":{"m_AlwaysRefresh":false,"showFog":true,"showSkybox":true,"showFlares":true,"showImageEffects":true,"showParticleSystems":true,"showVisualEffectGraphs":true,"m_FxEnabled":true},"in2DMode":false,"pivot":{"x":0.6091639995574951,"y":-3.2809276580810549,"z":-2.616506576538086},"rotation":{"x":0.3355676531791687,"y":-0.022610189393162729,"z":0.008056753315031529,"w":0.9417134523391724},"size":14.065730094909668,"orthographic":false}