{"cameraMode":{"drawMode":0,"name":"Shaded","section":"Shading Mode"},"sceneLighting":false,"audioPlay":false,"sceneViewState":{"m_AlwaysRefresh":false,"showFog":true,"showSkybox":true,"showFlares":true,"showImageEffects":true,"showParticleSystems":true,"showVisualEffectGraphs":true,"m_FxEnabled":true},"in2DMode":false,"pivot":{"x":4.8404860496521,"y":8.523115158081055,"z":-3.961698532104492},"rotation":{"x":-0.1923082172870636,"y":0.0009700491791591048,"z":0.000020062934709130786,"w":-0.9813962578773499},"size":13.608617782592774,"orthographic":false}