{"cameraMode":{"drawMode":0,"name":"Shaded","section":"Shading Mode"},"sceneLighting":false,"audioPlay":false,"sceneViewState":{"m_AlwaysRefresh":false,"showFog":true,"showSkybox":true,"showFlares":true,"showImageEffects":true,"showParticleSystems":true,"showVisualEffectGraphs":true,"m_FxEnabled":true},"in2DMode":false,"pivot":{"x":1.266711950302124,"y":-35.701358795166019,"z":72.8721923828125},"rotation":{"x":-0.23189368844032288,"y":-0.001643845927901566,"z":0.0005969356279820204,"w":-0.9728352427482605},"size":45.455326080322269,"orthographic":false}