{"cameraMode":{"drawMode":0,"name":"Shaded","section":"Shading Mode"},"sceneLighting":false,"audioPlay":false,"sceneViewState":{"m_AlwaysRefresh":false,"showFog":true,"showSkybox":true,"showFlares":true,"showImageEffects":true,"showParticleSystems":true,"showVisualEffectGraphs":true,"m_FxEnabled":true},"in2DMode":false,"pivot":{"x":2.377899646759033,"y":-1.2657170295715333,"z":-7.135096549987793},"rotation":{"x":-0.0005716587766073644,"y":0.9869654178619385,"z":-0.16130326688289643,"w":-0.0022861480247229339},"size":8.187865257263184,"orthographic":false}