{"cameraMode":{"drawMode":0,"name":"Shaded","section":"Shading Mode"},"sceneLighting":false,"audioPlay":false,"sceneViewState":{"m_AlwaysRefresh":false,"showFog":true,"showSkybox":true,"showFlares":true,"showImageEffects":true,"showParticleSystems":true,"showVisualEffectGraphs":true,"m_FxEnabled":true},"in2DMode":false,"pivot":{"x":-0.020402438938617708,"y":1.191594123840332,"z":0.4593822956085205},"rotation":{"x":0.002153309527784586,"y":-0.997778058052063,"z":0.04074160009622574,"w":0.05272330716252327},"size":0.5420154333114624,"orthographic":false}