{"cameraMode":{"drawMode":0,"name":"Shaded","section":"Shading Mode"},"sceneLighting":false,"audioPlay":false,"sceneViewState":{"m_AlwaysRefresh":false,"showFog":true,"showSkybox":false,"showFlares":true,"showImageEffects":true,"showParticleSystems":true,"showVisualEffectGraphs":true,"m_FxEnabled":true},"in2DMode":false,"pivot":{"x":436.4721984863281,"y":367.8985900878906,"z":0.577392578125},"rotation":{"x":0.008999473415315152,"y":-0.0020535984076559545,"z":0.0001592433691257611,"w":-1.0000137090682984},"size":410.2283935546875,"orthographic":false}