{"cameraMode":{"drawMode":0,"name":"Shaded","section":"Shading Mode"},"sceneLighting":false,"audioPlay":false,"sceneViewState":{"m_AlwaysRefresh":false,"showFog":true,"showSkybox":false,"showFlares":true,"showImageEffects":true,"showParticleSystems":true,"showVisualEffectGraphs":true,"m_FxEnabled":true},"in2DMode":false,"pivot":{"x":-0.039462149143218997,"y":0.8106313943862915,"z":-0.07365931570529938},"rotation":{"x":0.007721278350800276,"y":0.9690982103347778,"z":-0.24487976729869843,"w":0.03120800480246544},"size":3.518364906311035,"orthographic":false}